,avg_precision@k,avg_ndcg,avg_map,avg_mrr,avg_f1,avg_recall,count,precision_ndcg_ratio,retrieval_efficiency
language_expertise,0.3399999999999999,1.0,0.721388888888889,0.8086666666666668,0.34,0.3399999999999999,50,0.3399999999999999,0.2749466666666666
skill_based,0.002,1.0,0.02,0.02,0.0020000000000000005,0.002,50,0.002,4e-05
popularity_based,0.144,0.76,0.22576507936507934,0.23511111111111113,0.144,0.144,50,0.1894736842105263,0.033856
